psp_reference,merchant,card_scheme,year,hour_of_day,minute_of_hour,day_of_year,is_credit,eur_amount,ip_country,issuing_country,device_type,ip_address,email_address,card_number,shopper_interaction,card_bin,has_fraudulent_dispute,is_refused_by_adyen,aci,acquirer_country
80937497660,Rafa_AI,SwiftCharge,2023,17,14,282,True,51.83,SE,SE,Other,YC3B0sDTM9aWf2wuD8zLxg,TJDaf_Vhwcz29P_hMw9xJw,Fn6GAOJztlF6kawmfLcL0w,Ecommerce,4891,True,False,G,NL
74704536676,Rafa_AI,TransactPlus,2023,12,2,289,True,24.33,FR,FR,Linux,fMWxMv1Bk3czQBtdipF7iw,iFI2NZEnU2mh1qywBnFWBg,j4G3jgS3R42bMRzFw2YJCw,Ecommerce,4017,True,False,G,NL
22199769477,Rafa_AI,GlobalCard,2023,1,16,288,True,21.04,NL,BE,Linux,lgdYecmCVNe1ggAYMjYKbw,RC-68dbdJp_FVUNY4XiGgw,M1UM_lTeon_L3wQbK5WJ5Q,Ecommerce,4133,True,False,G,NL
12422636220,Rafa_AI,NexPay,2023,0,51,281,True,21.13,BE,BE,Windows,cSOo-C14C0dz932bqlrXrA,yNW9z6eW4iZGQnos-E31xA,PXQ3IJOjQiTmku_JQaxEpA,Ecommerce,4916,True,False,G,NL
84223024831,Rafa_AI,GlobalCard,2023,17,4,276,True,8.87,IT,IT,Other,wKrrZH4F_nGE9qQRlvdWaQ,N0EumW1xDAR5-Gq9V1vj2w,FbB-H6P0yHvdZC8VLF9YsA,Ecommerce,4916,True,False,G,NL
50112829216,Rafa_AI,TransactPlus,2023,3,14,288,True,87.15,NL,NL,MacOS,I_j_DaLSdQMV1Mh3b8jhCw,,Q8rcIobSEOXHnd04W8nmLA,Ecommerce,4571,True,False,G,NL
55135514365,Rafa_AI,SwiftCharge,2023,10,9,286,True,36.26,BE,BE,MacOS,c12YWlyY_pZzUN5aZ5UScg,JJwYSJ1fE7yUpMmwbkjNFg,b4zJXFoYs0_Sa3gVby4m2Q,Ecommerce,4891,True,False,G,NL
44899276412,Rafa_AI,NexPay,2023,17,11,285,True,11.2,BE,IT,Linux,hs4kbh45_NOz9lZ2WuTomA,jtgDW1JNMDbc9wOb36QP-w,WIg2l8OxzKWTdX-wJyaGMg,Ecommerce,4556,True,False,G,NL
88709758565,Rafa_AI,NexPay,2023,10,25,283,True,15.94,SE,SE,Android,,W864m0DTaB29igScA8TfUQ,_qx_-LAWvfxARv9wWtyPhg,Ecommerce,4133,True,False,G,NL
27121416252,Rafa_AI,NexPay,2023,11,3,301,True,154.15,IT,IT,Linux,,Qd7hReZkW-v0s_HVH2YsEw,M1cVtrgePJkSTx7Cg7-WVQ,Ecommerce,4645,True,False,G,NL
42389086694,Rafa_AI,TransactPlus,2023,8,26,286,True,179.18,NL,NL,Windows,BdB0im9M567nP9LZWsSLOw,QeTQkQkWUD0wEss1e7818A,Rdz4RyXKWF7tdC0AnBi0yg,Ecommerce,4571,True,False,G,NL
38491170487,Rafa_AI,NexPay,2023,12,20,299,True,11.88,BE,IT,Other,,VF9x2oYcu1ldjvT0gj2Gew,ypeck-4-PnrCmnugX1M7hQ,Ecommerce,4556,True,False,G,NL
73329901394,Rafa_AI,NexPay,2023,2,50,281,True,6.48,NL,NL,Other,dg0_nkBpbmAwT8BiWdjSjQ,,98YxMY9NNYahlkctGvgBHQ,Ecommerce,4236,True,False,G,NL
31070917845,Rafa_AI,SwiftCharge,2023,0,45,303,True,131.39,NL,NL,Linux,ZFyDnRd57nLD9RtjqhUVtg,WBHbbedmHvxOj5YZRIV_mQ,RRNTWwY3Ln9kIzfNPRwe9g,Ecommerce,4916,True,False,G,NL
47616010431,Rafa_AI,SwiftCharge,2023,7,18,274,True,46.93,SE,SE,Other,T42IDFJ8X9LAgaCL6NHLYg,kAVeU_D_yK4UzNwDPEyDdw,OHDEtYGWC7Xe48lMLdrf3Q,Ecommerce,4017,True,False,G,NL
81428595413,Rafa_AI,NexPay,2023,1,35,278,True,268.4,BE,BE,Linux,rJDf81Pdvw9eiPv7Le4vyA,RlbVisvRf4K6CMTeifrVsA,fhAIOAuNOKBdyI9oTCTR3A,Ecommerce,4802,True,False,G,NL
72104378268,Rafa_AI,GlobalCard,2023,17,10,301,True,17.12,ES,NL,Android,H27eF5ZbS9PZRF8wTpBWzg,wA2x0mohBe7k1e-BwHsJJg,5dunKzzGz7kRv4TCv0QDwA,Ecommerce,4802,True,False,G,NL
47335384994,Rafa_AI,TransactPlus,2023,13,54,274,True,729.96,NL,NL,Linux,jnGV9PpEbiANp89U0zft-g,OshwxsWW8z9FSe8oe5O_xw,xZaUBTfXAJO4XzS091V3sQ,Ecommerce,4622,True,False,G,NL
61352972911,Rafa_AI,GlobalCard,2023,10,5,302,True,15.23,FR,BE,Linux,zwEEq7t7zamdnv00Jm7JjQ,y63wEtCPnxXcILWlQnMfag,wfRAju22GUB5PbyRTm4WiA,Ecommerce,4916,True,False,G,NL
17476211155,Rafa_AI,GlobalCard,2023,8,49,287,True,45.92,IT,IT,Windows,,louhoaGZX98H6yCe-i1vkw,JLRVv4SS3_8xr7jnjoHXUg,Ecommerce,4556,True,False,G,NL
37527997446,Rafa_AI,NexPay,2023,14,34,280,True,64.17,BE,BE,Other,AqP3sMJmmVVPEZsiAkAo5Q,X-69h12xNQRq2Kafe9SzsQ,8YTPDKi00DV45B-OLnEeYg,Ecommerce,4916,True,False,G,NL
45745670909,Rafa_AI,NexPay,2023,21,46,300,True,86.53,FR,FR,Android,pOAxK3zaGshCW3mg3uPA2g,W864m0DTaB29igScA8TfUQ,_qx_-LAWvfxARv9wWtyPhg,Ecommerce,4916,True,False,G,NL
77512221133,Rafa_AI,SwiftCharge,2023,6,34,284,True,200.46,BE,BE,iOS,,BDxUjSN-pB_WQuQcF8q45Q,fJACmt5VUczqivR7WuJDhw,Ecommerce,4571,True,False,G,NL
66999795413,Rafa_AI,NexPay,2023,4,16,287,True,13.58,NL,BE,MacOS,kAFg6iVpUfzp5PqCkuuvAA,exfr9p-OPwL8kO411nTySQ,hqtVGDlEaiwdspDNUMwKng,Ecommerce,4645,True,False,G,NL
89227126813,Rafa_AI,GlobalCard,2023,23,18,298,True,301.89,ES,BE,Linux,UQWRcikWKNTf_cV6DV2VMw,DdIRCLra3nU_aRC8zQv7HQ,_9sarKEy78TKE42DMp-RyA,Ecommerce,4017,True,False,G,NL
53887249141,Rafa_AI,TransactPlus,2023,22,22,303,True,152.26,ES,ES,iOS,XofOqCvvmIUaaXKSF-N5Hw,RzUeTKpjs8FX5El_o6h9Gg,erlRgB-0cVh0kRr4F4lWsA,Ecommerce,4920,True,False,G,NL
55577376880,Rafa_AI,TransactPlus,2023,4,7,274,True,48.68,BE,BE,Other,hs4kbh45_NOz9lZ2WuTomA,jtgDW1JNMDbc9wOb36QP-w,WIg2l8OxzKWTdX-wJyaGMg,Ecommerce,4556,True,False,G,NL
51978946632,Rafa_AI,NexPay,2023,11,40,275,True,91.16,LU,LU,Other,pp_Lv3fp-MXfmtEatylrNg,EVWEgA4NXcLlbFWmEi5-5A,DI5MMwAOilzeuKLPANjeHA,Ecommerce,4556,True,False,G,NL
12202462467,Rafa_AI,GlobalCard,2023,16,53,290,True,19.87,ES,ES,Windows,yKWwxDnv5Y7CVm06xaC3LQ,sInPkgjA0LCIPuOryl7BMQ,m36ZPcPdw3YPyHE5M8LEZg,Ecommerce,4556,True,False,G,NL
24486709918,Rafa_AI,SwiftCharge,2023,20,27,275,True,23.53,BE,BE,Windows,yks0ms93YNqWatf5tsqHbw,8DPfGiPdxkKb0XQ6oynY-A,oNne6_-wNz4HGLLwCktgAA,Ecommerce,4622,True,False,G,NL
26971862485,Rafa_AI,GlobalCard,2023,12,50,286,True,31.44,FR,IT,Other,NjKjQJzVdH86_2nzhjZApg,Ms6M5fOVIIfPbKztwYKVgQ,X1E8ywzB4RATp_wX6sUbbg,Ecommerce,4802,True,False,G,NL
54804195901,Rafa_AI,GlobalCard,2023,2,10,277,True,401.37,FR,FR,iOS,AqP3sMJmmVVPEZsiAkAo5Q,X-69h12xNQRq2Kafe9SzsQ,8YTPDKi00DV45B-OLnEeYg,Ecommerce,4133,True,False,G,NL
72317848692,Rafa_AI,GlobalCard,2023,18,16,283,True,137.73,LU,ES,Windows,xaWU2IpSOfm7LdjdeOtVpQ,_vA8hxbvPfB4Ykvc5KSjEA,q1lKp7iL0oE_mQyFinQfvA,Ecommerce,4571,True,False,G,NL
72028348036,Rafa_AI,TransactPlus,2023,19,15,278,True,204.84,ES,ES,MacOS,2Elc0jFxTHhG5BJq1C_4Kg,wA2x0mohBe7k1e-BwHsJJg,5dunKzzGz7kRv4TCv0QDwA,Ecommerce,4556,True,False,G,NL
24686514014,Rafa_AI,NexPay,2023,21,50,291,True,83.69,BE,IT,Linux,gqkjyONbENwQUmS-LmTjxA,louhoaGZX98H6yCe-i1vkw,JLRVv4SS3_8xr7jnjoHXUg,Ecommerce,4236,True,False,G,NL
55984435574,Rafa_AI,SwiftCharge,2023,12,17,289,True,88.12,FR,FR,Other,ypSCz8SN-CKZYHuG_fWCwg,CqCHmgcBCuPosIZvzW5KpQ,mYbKC_Wc2Mzh2ADJVCgVMA,Ecommerce,4916,True,False,G,NL
71789811838,Rafa_AI,SwiftCharge,2023,9,34,298,True,137.82,FR,FR,iOS,,lBk4br1-hlaRemMhNTq2pg,xOSh0anbJDmkBIKTwIZJsg,Ecommerce,4891,True,False,G,NL
18113938538,Rafa_AI,SwiftCharge,2023,13,15,283,True,45.18,BE,NL,Android,,W2-IUlArwT_x5sR95YjFag,zwNuEZWeuTDcjp9gv0Py1w,Ecommerce,4802,True,False,G,NL
69780820639,Rafa_AI,SwiftCharge,2023,18,3,304,True,25.86,SE,SE,MacOS,,,fis0gvQ0OzmgGUy4GQo2Rg,Ecommerce,4802,True,False,G,NL
85689678700,Rafa_AI,TransactPlus,2023,13,56,282,True,288.43,SE,SE,Linux,_wvHnYHy1Ds-OfJDSbg0qg,8DPfGiPdxkKb0XQ6oynY-A,oNne6_-wNz4HGLLwCktgAA,Ecommerce,4916,True,False,G,NL
41044251667,Rafa_AI,GlobalCard,2023,21,42,301,True,54.0,NL,NL,Linux,D9EyDCDBf2q0kHLO-9rkmg,sTs32WQIF-hAxyI6NUOHdg,94EMXYnoNnIBRgy0r1BVDg,Ecommerce,4571,True,False,G,NL
84709851611,Rafa_AI,SwiftCharge,2023,11,2,295,True,80.95,IT,NL,MacOS,kAFg6iVpUfzp5PqCkuuvAA,exfr9p-OPwL8kO411nTySQ,hqtVGDlEaiwdspDNUMwKng,Ecommerce,4891,True,False,G,NL
50723904098,Rafa_AI,GlobalCard,2023,23,21,277,True,122.34,IT,IT,Other,hs4kbh45_NOz9lZ2WuTomA,jtgDW1JNMDbc9wOb36QP-w,WIg2l8OxzKWTdX-wJyaGMg,Ecommerce,4556,True,False,G,NL
35167142737,Rafa_AI,GlobalCard,2023,13,57,281,True,54.93,BE,BE,Other,ypSCz8SN-CKZYHuG_fWCwg,CqCHmgcBCuPosIZvzW5KpQ,mYbKC_Wc2Mzh2ADJVCgVMA,Ecommerce,4017,True,False,G,NL
88208886602,Rafa_AI,GlobalCard,2023,4,41,282,True,42.98,IT,IT,Other,gD7ncQvcpE_kH1Df8zwmTA,ajt13GQ7tH_rtQgdUj2Udg,TziHXqGt0-OhqoEt8xTCbw,Ecommerce,4916,True,False,G,NL
13145247613,Rafa_AI,GlobalCard,2023,8,26,283,True,45.22,BE,BE,MacOS,UQWRcikWKNTf_cV6DV2VMw,DdIRCLra3nU_aRC8zQv7HQ,_9sarKEy78TKE42DMp-RyA,Ecommerce,4916,True,False,G,NL
75768719404,Rafa_AI,NexPay,2023,7,13,277,True,286.99,NL,BE,Other,hs4kbh45_NOz9lZ2WuTomA,jtgDW1JNMDbc9wOb36QP-w,WIg2l8OxzKWTdX-wJyaGMg,Ecommerce,4916,True,False,G,NL
43817544907,Rafa_AI,TransactPlus,2023,10,44,296,True,28.69,BE,BE,Other,OcEx1GcHMUELuE03YCH-fA,cTP-BmdWAi4Nbdz6osPOSQ,xCLWh9eN7Viw1QJLybMRAg,Ecommerce,4571,True,False,G,NL
72594814231,Rafa_AI,GlobalCard,2023,8,58,276,True,20.82,NL,ES,MacOS,uErMMkbEm2gc9B8jrU5Jxg,kLOv5NyxTSG0wKGkzCvKuw,1IYPHO2plpS3hcJMVMTEjQ,Ecommerce,4645,True,False,G,NL
16146474667,Rafa_AI,NexPay,2023,8,8,283,True,229.71,BE,BE,Android,cSOo-C14C0dz932bqlrXrA,yNW9z6eW4iZGQnos-E31xA,PXQ3IJOjQiTmku_JQaxEpA,Ecommerce,4556,True,False,G,NL
54645277020,Rafa_AI,NexPay,2023,23,37,277,True,30.23,BE,BE,Android,hs4kbh45_NOz9lZ2WuTomA,jtgDW1JNMDbc9wOb36QP-w,WIg2l8OxzKWTdX-wJyaGMg,Ecommerce,4017,True,False,G,NL
26325824145,Rafa_AI,TransactPlus,2023,15,13,286,True,77.34,FR,ES,Other,,e-4IrlIytHlJU6IyREsTIg,reGwDniesCtJfJB3GSSoXQ,Ecommerce,4526,True,False,G,NL
62309778593,Rafa_AI,GlobalCard,2023,5,10,294,True,64.33,ES,ES,Android,,Ms6M5fOVIIfPbKztwYKVgQ,X1E8ywzB4RATp_wX6sUbbg,Ecommerce,4916,True,False,G,NL
79211929218,Rafa_AI,GlobalCard,2023,11,37,303,True,294.02,SE,SE,Other,UQWRcikWKNTf_cV6DV2VMw,DdIRCLra3nU_aRC8zQv7HQ,_9sarKEy78TKE42DMp-RyA,Ecommerce,4571,True,False,G,NL
15201934931,Rafa_AI,TransactPlus,2023,15,44,280,True,43.38,FR,FR,Windows,,Ms6M5fOVIIfPbKztwYKVgQ,X1E8ywzB4RATp_wX6sUbbg,Ecommerce,4526,True,False,G,NL
13232348335,Rafa_AI,NexPay,2023,12,24,303,True,45.31,NL,IT,iOS,wKrrZH4F_nGE9qQRlvdWaQ,N0EumW1xDAR5-Gq9V1vj2w,FbB-H6P0yHvdZC8VLF9YsA,Ecommerce,4622,True,False,G,NL
39632015955,Rafa_AI,TransactPlus,2023,6,19,299,True,47.45,NL,BE,Linux,ns3Im_pOiQeEyMb8Mb_nMg,,hLJTO2tvucui1gU4BHcxnA,Ecommerce,4916,True,False,G,NL
45696238321,Rafa_AI,GlobalCard,2023,20,14,295,True,13.66,NL,NL,iOS,yA6cwYXq4HgusjXqBR4qCw,CCNkuvKFUqpCnyjBCIVk1g,3X5lEM-Qe1h22CWRgCRTpA,Ecommerce,4556,True,False,G,NL
39761961597,Rafa_AI,SwiftCharge,2023,9,51,274,True,48.49,GR,GR,MacOS,xmLm-Qf9_AxZKxDSvbkGbg,W2-IUlArwT_x5sR95YjFag,zwNuEZWeuTDcjp9gv0Py1w,Ecommerce,4532,True,False,G,NL
24559467293,Rafa_AI,TransactPlus,2023,13,7,281,True,20.42,SE,SE,Linux,,swnFu6QxdUWyUDomq6dSbA,0rDnxeDzy4khCDJbj9Q_Fw,Ecommerce,4916,True,False,G,NL
17631248581,Rafa_AI,TransactPlus,2023,11,50,274,True,59.86,BE,BE,Other,EJxGajkZ0hKmXpb5WmEbnQ,Jk5CKltSMEwuK3DGGGGPzg,Tit3J5Lhybirt_jj3Am9ew,Ecommerce,4556,True,False,G,NL
36184052574,Rafa_AI,GlobalCard,2023,1,43,294,True,133.86,SE,SE,Windows,FKafjii5C01IOhdAucTvzQ,MlMXpMH_-IGtxYLjTmDbXw,OWvWLDpzoOVbBu5raOY82g,Ecommerce,4916,True,False,G,NL
28356578537,Rafa_AI,TransactPlus,2023,6,11,300,True,40.03,BE,SE,Other,TE30TMFi3tYPpxbWad-0lw,HRKkwXKBGpYHosFfThpaNQ,5k5G9ppDffT2mgxghvy9vA,Ecommerce,4532,True,False,G,NL
13959406580,Rafa_AI,GlobalCard,2023,2,0,295,True,41.34,NL,NL,iOS,XhxB1Daz3_UU9xeNIfYoqw,cEoNH3MA2e0UTAD5IrOmSw,Sx1ucu_xmx0SXopikOdpmA,Ecommerce,4236,True,False,G,NL
17155377440,Rafa_AI,GlobalCard,2023,16,19,291,True,98.39,NL,NL,iOS,kOAI7wMVp-vWe7FNZ6hBHg,-KTnMSEZpexOTFRu_dH7tw,8UC-5xVjNzB5dMK_bAw6WA,Ecommerce,4236,True,False,G,NL
79952151283,Rafa_AI,TransactPlus,2023,11,1,299,True,31.46,NL,IT,Android,,swnFu6QxdUWyUDomq6dSbA,0rDnxeDzy4khCDJbj9Q_Fw,Ecommerce,4571,True,False,G,NL
21403712464,Rafa_AI,GlobalCard,2023,7,42,291,True,44.89,BE,NL,Other,smtTYL7YND0FBkyumi74Sg,hy9rALQerEBHzfPhdT--vw,_dWtTc50WEDlrfSAD2diIA,Ecommerce,4916,True,False,G,NL
73503933202,Rafa_AI,TransactPlus,2023,17,36,286,True,23.79,NL,NL,Windows,,-5w47XUhAoS-iHhDirJHuw,A0Q_dn5YKrvNa1HR7mN4mg,Ecommerce,4236,True,False,G,NL
85051582935,Rafa_AI,GlobalCard,2023,20,20,290,True,99.99,BE,BE,Android,pOAxK3zaGshCW3mg3uPA2g,W864m0DTaB29igScA8TfUQ,_qx_-LAWvfxARv9wWtyPhg,Ecommerce,4556,True,False,G,NL
78899298977,Rafa_AI,NexPay,2023,19,52,295,True,78.04,SE,LU,Android,VlVFEqVtlHSYx8lr35nCjA,GCtU3QqzvILv5rpbdKdrmw,zvILYzBXCdMtSjG6__hOOQ,Ecommerce,4556,True,False,G,NL
55694885104,Rafa_AI,GlobalCard,2023,23,20,301,True,15.25,NL,NL,Other,,qlB48g0RbkogSe34PV7j8w,LbZVOrxFfUm5JXc8yoRPYw,Ecommerce,4916,True,False,G,NL
40453831017,Rafa_AI,NexPay,2023,9,5,304,True,30.45,ES,ES,Other,FHlIOsoFmS0t1sEQEfwlew,DAx2JyMHsFciljrDlZyp7Q,jq_EZtGSfCfXZ3mcJUPk3g,Ecommerce,4891,True,False,G,NL
31909438737,Rafa_AI,NexPay,2023,19,13,301,True,27.41,BE,SE,Other,glo45HGUTwLBGacvbPVAzA,6NDfyNPsR7FLFc8QGCQwkw,msXQqvWagxWZ7fSpNuUtGw,Ecommerce,4571,True,False,G,NL
74480913914,Rafa_AI,NexPay,2023,11,40,276,True,145.88,NL,NL,Other,1-hhMcUL6ZspgkXDSac33Q,NE3Ih0Gz2_NBnXaFTTWYPw,KgidWYacoourjM5PjFqHNA,Ecommerce,4532,True,False,G,NL
86376527715,Rafa_AI,GlobalCard,2023,13,14,279,True,117.1,NL,NL,Linux,uErMMkbEm2gc9B8jrU5Jxg,kLOv5NyxTSG0wKGkzCvKuw,1IYPHO2plpS3hcJMVMTEjQ,Ecommerce,4645,True,False,G,NL
20060019206,Rafa_AI,TransactPlus,2023,15,26,283,True,340.41,IT,IT,Other,cSOo-C14C0dz932bqlrXrA,yNW9z6eW4iZGQnos-E31xA,PXQ3IJOjQiTmku_JQaxEpA,Ecommerce,4556,True,False,G,NL
36505792982,Rafa_AI,NexPay,2023,14,29,283,True,123.77,IT,IT,Other,,06LxmXSdn1bOUJ3rQ1tPVA,uFIJvdgfAoNnoZ-iC_N3uA,Ecommerce,4622,True,False,G,NL
38160253092,Rafa_AI,TransactPlus,2023,7,7,278,True,547.61,SE,NL,iOS,I_j_DaLSdQMV1Mh3b8jhCw,WP2l84vyJBKndoZn5Gej0w,Q8rcIobSEOXHnd04W8nmLA,Ecommerce,4916,True,False,G,NL
15670128180,Rafa_AI,NexPay,2023,15,23,301,True,169.78,ES,BE,Other,,Qn5F_ofV5I3o6KNQTDec8A,pl41HysZEFkI0PmcQDrZTQ,Ecommerce,4802,True,False,G,NL
17977041930,Rafa_AI,GlobalCard,2023,15,12,302,True,229.34,LU,LU,MacOS,AqC2TTHfVIoTktm4kSd-bA,ywfwKcMv7gynAFFp7Db0hw,ffTb4Ja90TK2Wt7O_rM2wg,Ecommerce,4571,True,False,G,NL
25846605894,Rafa_AI,GlobalCard,2023,5,50,276,True,133.66,SE,SE,Other,WP_JHFRtTM3YVehJitO7zw,iAmoTg49sWEjh6m3W4kk_g,ttsaCdstQ8AYoqcmHvDrfw,Ecommerce,4802,True,False,G,NL
59164229220,Rafa_AI,GlobalCard,2023,13,34,287,True,4.52,SE,SE,MacOS,,iAmoTg49sWEjh6m3W4kk_g,ttsaCdstQ8AYoqcmHvDrfw,Ecommerce,4133,True,False,G,NL
72056585061,Rafa_AI,GlobalCard,2023,14,44,286,True,135.81,BE,FR,MacOS,,N0EumW1xDAR5-Gq9V1vj2w,FbB-H6P0yHvdZC8VLF9YsA,Ecommerce,4532,True,False,G,NL
29699406782,Rafa_AI,TransactPlus,2023,17,0,301,True,16.97,SE,SE,Windows,,SDJ5C4hbjy_WVM54CvqGDQ,dTBd1DG0RK4FkBlumHSMfw,Ecommerce,4556,True,False,G,NL
86790429480,Rafa_AI,GlobalCard,2023,18,16,295,True,7.78,ES,IT,Linux,,vGkwyRDqNrzhfdIjJbniFQ,6AuAiXd_ILJEO9SLlq7CeA,Ecommerce,4916,True,False,G,NL
14713176379,Rafa_AI,GlobalCard,2023,14,54,285,True,35.07,NL,IT,iOS,PcXTw_GvkAVwLwfSKojMkw,-7aFjvgWxMeBnWfcl5XL5g,iDjKKRu3tL7gAVe7XsCbzw,Ecommerce,4920,True,False,G,NL
44707629533,Rafa_AI,NexPay,2023,8,40,293,True,175.62,BE,BE,iOS,SNhJpb7pL1Iq50jORtpnLg,VF9x2oYcu1ldjvT0gj2Gew,ypeck-4-PnrCmnugX1M7hQ,Ecommerce,4532,True,False,G,NL
58343017636,Rafa_AI,GlobalCard,2023,8,58,278,True,88.93,BE,IT,Other,T42IDFJ8X9LAgaCL6NHLYg,kAVeU_D_yK4UzNwDPEyDdw,OHDEtYGWC7Xe48lMLdrf3Q,Ecommerce,4526,True,False,G,NL
87010713340,Rafa_AI,GlobalCard,2023,13,19,288,True,158.06,FR,SE,iOS,rJDf81Pdvw9eiPv7Le4vyA,RlbVisvRf4K6CMTeifrVsA,uFIJvdgfAoNnoZ-iC_N3uA,Ecommerce,4556,True,False,G,NL
27553528738,Rafa_AI,GlobalCard,2023,0,1,282,True,51.94,NL,BE,MacOS,OQwSZ4aH1u48u0qd-Mv8Vg,W864m0DTaB29igScA8TfUQ,_qx_-LAWvfxARv9wWtyPhg,Ecommerce,4571,True,False,G,NL
76689436525,Rafa_AI,NexPay,2023,16,55,303,True,30.39,GR,GR,MacOS,VMJc8Y9ZYx9a0tAivr2Vnw,ATHTl8u_u_80ikgUa3qtLw,0xsI1keLK0d0IgvZ9gkYog,Ecommerce,4571,True,False,G,NL
31502500579,Rafa_AI,NexPay,2023,12,30,288,True,14.89,SE,SE,Linux,ddhseXvyY2iyI35lXo-ykg,7Jj117L2kJwbWix_4Eq4PQ,QguEfbt9qKdcU6rR9wC2oQ,Ecommerce,4236,True,False,G,NL
73217628093,Rafa_AI,NexPay,2023,19,25,281,True,28.47,BE,NL,iOS,,4YXdsYgZkHoQXJj3e3LV8g,Co3a38KCAyJktNSso2hRlA,Ecommerce,4920,True,False,G,NL
71856053067,Rafa_AI,NexPay,2023,9,47,278,True,33.52,BE,BE,iOS,8bQF65QgNOxVdJIuXdUfAg,c7t8KECnrYFfAlNK85lvGg,dt98TIQFH4ltw-eJtfjC5A,Ecommerce,4622,True,False,G,NL
22848595857,Rafa_AI,TransactPlus,2023,18,11,274,True,205.92,BE,BE,Other,OlLarAmJbNC7tsdk3YlmXQ,,eRc1IrCx6K0LyuT68vt3dg,Ecommerce,4133,True,False,G,NL
36312428487,Rafa_AI,TransactPlus,2023,21,36,291,True,162.36,FR,FR,Other,smtTYL7YND0FBkyumi74Sg,hy9rALQerEBHzfPhdT--vw,7itrRaTj82DQ3TRbt-UVUQ,Ecommerce,4017,True,False,G,NL
10360971403,Rafa_AI,TransactPlus,2023,4,23,292,True,63.01,NL,NL,Other,qjzkDfv8dNKagHqyoEbnmQ,_XWuCTR_950ycfD3KddRrg,uPrBKR4VpNHczWlMCJwGEg,Ecommerce,4891,True,False,G,NL
38037763677,Rafa_AI,GlobalCard,2023,20,27,302,True,113.55,SE,SE,Android,pOAxK3zaGshCW3mg3uPA2g,W864m0DTaB29igScA8TfUQ,_qx_-LAWvfxARv9wWtyPhg,Ecommerce,4571,True,False,G,NL
17334919351,Rafa_AI,SwiftCharge,2023,12,11,296,True,37.07,IT,IT,Other,8Iyioj-TLdEkVhAlqCH9gg,BhslwPPElfkqKXbEExdgWA,GiLLXgC3RBoO03TMsGh14w,Ecommerce,4920,True,False,G,NL
20464862773,Rafa_AI,NexPay,2023,7,21,292,True,291.93,IT,IT,Other,f-ly-N-QVu6O3sE5fk41EA,Ka-lxk0XU7yCm3kRws2Jgw,EkeeLdJGkvIZlO04K8bmVw,Ecommerce,4916,True,False,G,NL
64651532057,Rafa_AI,TransactPlus,2023,23,56,304,True,53.17,IT,IT,Other,glo45HGUTwLBGacvbPVAzA,6NDfyNPsR7FLFc8QGCQwkw,msXQqvWagxWZ7fSpNuUtGw,Ecommerce,4532,True,False,G,NL
87614417397,Rafa_AI,SwiftCharge,2023,11,23,280,True,327.55,IT,IT,Windows,1MGHlo96xsWAhLksX7KLVw,C8I5ZbbFqxZtma8suWx93Q,Luzeap0bSKFB6uWvuO3jxg,Ecommerce,4571,True,False,G,NL
86924347152,Rafa_AI,NexPay,2023,22,47,283,True,405.52,IT,IT,Android,,DmVF7tse9QD8Qo4DcEUX5g,GzeyOovoRl38m1oU13hFPg,Ecommerce,4556,True,False,G,NL
65885347244,Rafa_AI,GlobalCard,2023,8,46,285,True,43.01,BE,BE,MacOS,,3ZgdeH_JfQxscJxqWNi_ug,pEbYZwNmKsmJsvVKRDB9xA,Ecommerce,4920,True,False,G,NL
29635101213,Rafa_AI,GlobalCard,2023,13,34,286,True,104.14,IT,IT,Android,,l06vtGMasQeWyJYg0hyd-w,F6rlJKldaZ7wjIP1w5A4Dw,Ecommerce,4556,True,False,G,NL
88230184462,Rafa_AI,NexPay,2023,21,34,304,True,95.75,LU,SE,Windows,XhxB1Daz3_UU9xeNIfYoqw,cEoNH3MA2e0UTAD5IrOmSw,Sx1ucu_xmx0SXopikOdpmA,Ecommerce,4133,True,False,G,NL
13541482407,Rafa_AI,GlobalCard,2023,4,28,289,True,1315.06,ES,ES,Other,ZCV2MbuOzzx-ioIIqymM2g,gCAE4QcXl_0XRj0M049jYQ,v1fj2BtOApsPLoBIOuAPtg,Ecommerce,4571,True,False,G,NL
40849933723,Rafa_AI,GlobalCard,2023,5,59,283,True,137.48,FR,FR,MacOS,IWy409Uoj4J7fR0butyszA,,35aau-azSreiJe3s3GRHrg,Ecommerce,4571,True,False,G,NL
85768309743,Rafa_AI,NexPay,2023,13,11,296,True,9.98,SE,BE,MacOS,,Tzl5AnAMud7O5qgQgmJBtw,dcSde7uUx0UXJL_-aZTaeg,Ecommerce,4622,True,False,G,NL
81013075199,Rafa_AI,NexPay,2023,23,49,286,True,16.35,BE,BE,Windows,kOAI7wMVp-vWe7FNZ6hBHg,-KTnMSEZpexOTFRu_dH7tw,8UC-5xVjNzB5dMK_bAw6WA,Ecommerce,4133,True,False,G,NL
42225496911,Rafa_AI,NexPay,2023,8,56,304,True,11.99,NL,SE,Linux,T42IDFJ8X9LAgaCL6NHLYg,kAVeU_D_yK4UzNwDPEyDdw,OHDEtYGWC7Xe48lMLdrf3Q,Ecommerce,4571,True,False,G,NL
20641078709,Rafa_AI,GlobalCard,2023,5,33,293,True,36.63,LU,LU,Linux,BkmG5BMp94alulkUhjyIbQ,dcoQWHkF3YabCTDx8I3VcQ,3HiGEfd7IdHrMjCyqquGhw,Ecommerce,4017,True,False,G,NL
60630333986,Rafa_AI,GlobalCard,2023,14,37,284,True,124.15,NL,NL,iOS,3q5XegiIEZpf94NJFtZXVA,DmVF7tse9QD8Qo4DcEUX5g,GzeyOovoRl38m1oU13hFPg,Ecommerce,4571,True,False,G,NL
50572953535,Rafa_AI,NexPay,2023,1,34,279,True,44.2,SE,SE,Android,ZKS3R90OX3YGQLCvBdSuJw,8JOi4QX8lfposzvEhzAEjQ,P5R6FUZweajVyAr6YRX1RQ,Ecommerce,4891,True,False,G,NL
62196267628,Rafa_AI,GlobalCard,2023,6,53,292,True,27.7,FR,FR,Linux,jZQJpLeCP3uIKOjbWJm1Gw,e-4IrlIytHlJU6IyREsTIg,reGwDniesCtJfJB3GSSoXQ,Ecommerce,4532,True,False,G,NL
38255772027,Rafa_AI,GlobalCard,2023,16,19,301,True,76.66,ES,ES,Android,,vLu9zIs_aH8yfyciJ-x3mg,kQjnlHuhTm6gj6DbtrDbag,Ecommerce,4802,True,False,G,NL
12229374405,Rafa_AI,NexPay,2023,3,20,278,True,20.99,NL,GR,Android,xmLm-Qf9_AxZKxDSvbkGbg,W2-IUlArwT_x5sR95YjFag,zwNuEZWeuTDcjp9gv0Py1w,Ecommerce,4236,True,False,G,NL
43431512860,Rafa_AI,GlobalCard,2023,13,10,281,True,64.75,SE,SE,Android,gqkjyONbENwQUmS-LmTjxA,louhoaGZX98H6yCe-i1vkw,JLRVv4SS3_8xr7jnjoHXUg,Ecommerce,4526,True,False,G,NL
74355952183,Rafa_AI,NexPay,2023,13,24,275,True,93.77,SE,SE,Windows,yWKvFpArNXlqM5cw_WC5IA,iY_bgk_vmB8ItZbH7X-1zA,jDOQGPXhncACsORCf-ZPcg,Ecommerce,4556,True,False,G,NL
41938806309,Rafa_AI,SwiftCharge,2023,11,33,278,True,183.99,FR,FR,Android,OkedLbcI0XtETYXc3GJoSA,qWn0T4klkGyEuIJCE6ufMg,q2hp-arBkNAtLAD3RdW0sQ,Ecommerce,4571,True,False,G,NL
53681955248,Rafa_AI,NexPay,2023,6,1,289,True,82.01,NL,LU,Linux,Fux3aTDg80qNoajZLAv0-w,ovZhHkUTTmhNL7D-WuxJ7A,ZPChcpi33CuPag-_bedaoA,Ecommerce,4556,True,False,G,NL
52165840616,Rafa_AI,NexPay,2023,14,23,274,True,56.31,SE,GR,Windows,T42IDFJ8X9LAgaCL6NHLYg,kAVeU_D_yK4UzNwDPEyDdw,OHDEtYGWC7Xe48lMLdrf3Q,Ecommerce,4916,True,False,G,NL
31378053214,Rafa_AI,GlobalCard,2023,9,55,290,True,39.96,NL,NL,Other,lAZ6cmCft1xkB1bg3U1i5A,NJRlpbFaPN6Pv8r9gOUP_Q,RrCBWwUL3LHbzdYO6emQaw,Ecommerce,4556,True,False,G,NL
29907252196,Rafa_AI,GlobalCard,2023,13,59,298,True,107.15,NL,BE,Linux,,HRKkwXKBGpYHosFfThpaNQ,5k5G9ppDffT2mgxghvy9vA,Ecommerce,4526,True,False,G,NL
76004073798,Rafa_AI,GlobalCard,2023,8,41,283,True,68.16,FR,FR,Linux,lAZ6cmCft1xkB1bg3U1i5A,,RrCBWwUL3LHbzdYO6emQaw,Ecommerce,4645,True,False,G,NL
65845939796,Rafa_AI,NexPay,2023,4,44,287,True,433.28,NL,NL,Android,UbnknLjWg1nCnGK2KjzTFQ,U7m17IV-Qn2VjiszEwC26g,KdUqrVzpvZ9qpB1rJjJOgw,Ecommerce,4891,True,False,G,NL
53453460241,Rafa_AI,TransactPlus,2023,5,33,300,True,66.08,SE,IT,Other,,Qm5_iOcYUREBryeyN78Erg,kHcfbUJCn2OxNc89ZMF23g,Ecommerce,4236,True,False,G,NL
16467834361,Rafa_AI,TransactPlus,2023,11,47,282,True,106.72,BE,FR,Other,,GYjQSNWbH-w-lfM29N3MkA,tv_H5mDjPFRR9UQgxQ9TEQ,Ecommerce,4017,True,False,G,NL
34804815541,Rafa_AI,SwiftCharge,2023,13,26,300,True,46.99,NL,NL,iOS,CdixxEdenX4hxqZL6SOhEg,,lFWplsCLKUiKeH-KxqDFuA,Ecommerce,4916,True,False,G,NL
82825333220,Rafa_AI,GlobalCard,2023,14,27,302,True,87.56,LU,LU,Android,V1sQWpBmOpVH93wd1Dy6kg,_WB9_9Ub9FUZyFWJb-6TIg,ScHgbu3Vq8FKZDAm5SlKEw,Ecommerce,4556,True,False,G,NL
57868165290,Rafa_AI,TransactPlus,2023,13,47,297,True,396.33,SE,GR,MacOS,TG6nFp1mns5Adr3NZstZZw,kTzg-W0MUX-UZqZGNozuGg,C_1AhtPxsc2So3j7419J1w,Ecommerce,4133,True,False,G,NL
23586258064,Rafa_AI,GlobalCard,2023,17,44,302,True,17.74,FR,SE,Android,,DdIRCLra3nU_aRC8zQv7HQ,_9sarKEy78TKE42DMp-RyA,Ecommerce,4017,True,False,G,NL
71968728608,Rafa_AI,GlobalCard,2023,8,52,295,True,36.05,IT,IT,iOS,dg0_nkBpbmAwT8BiWdjSjQ,91vTnXegTnev1lBX4y6djw,OWqyn-i8MHjnw44ccTvJvQ,Ecommerce,4916,True,False,G,NL
51469198948,Rafa_AI,NexPay,2023,19,19,282,True,31.98,BE,BE,iOS,2l2gKLv6XKWbyQEvHj3euw,JacV4ix2vpW_NUkyHZgMcw,9gO2mWu0piUrJ0IfyiV-zg,Ecommerce,4916,True,False,G,NL
79543805818,Rafa_AI,NexPay,2023,12,3,277,True,86.19,SE,SE,Other,Df8uCeBot7Sab-kr_F40iw,oEO_k--EJf9uIn0vw2vhgg,JJacoM72MaJ2b43ynbRN8Q,Ecommerce,4556,True,False,G,NL
50778459798,Rafa_AI,SwiftCharge,2023,8,6,298,True,164.2,BE,FR,Other,-ltd-nrPvANK_-3IChvZ5A,Cbe0eOe2tq_1TLzExNBdMA,5Cz47I6CqSfM3akrqM3SPg,Ecommerce,4532,True,False,G,NL
86201939287,Rafa_AI,TransactPlus,2023,18,53,288,True,141.93,BE,SE,MacOS,yKWwxDnv5Y7CVm06xaC3LQ,sInPkgjA0LCIPuOryl7BMQ,m36ZPcPdw3YPyHE5M8LEZg,Ecommerce,4622,True,False,G,NL
10269377908,Rafa_AI,NexPay,2023,13,41,287,True,129.5,BE,BE,iOS,lAZ6cmCft1xkB1bg3U1i5A,NJRlpbFaPN6Pv8r9gOUP_Q,RrCBWwUL3LHbzdYO6emQaw,Ecommerce,4916,True,False,G,NL
13764593450,Rafa_AI,NexPay,2023,16,10,298,True,37.37,IT,IT,iOS,8Iyioj-TLdEkVhAlqCH9gg,BhslwPPElfkqKXbEExdgWA,GiLLXgC3RBoO03TMsGh14w,Ecommerce,4556,True,False,G,NL
89991736737,Rafa_AI,GlobalCard,2023,8,48,295,True,386.53,GR,LU,Other,,,0xsI1keLK0d0IgvZ9gkYog,Ecommerce,4133,True,False,G,NL
50782892589,Rafa_AI,NexPay,2023,2,38,291,True,45.76,BE,BE,Android,cN1hL6AFqSx5GBweXSED9A,khYk2TACJp7ZhK8bsPBNRQ,t20f6IEeySEfg1HT5lpKBA,Ecommerce,4571,True,False,G,NL
61990927281,Rafa_AI,SwiftCharge,2023,5,41,290,True,42.07,NL,SE,Windows,GF_fNuUC8KQJCoe9meQvWQ,Tzl5AnAMud7O5qgQgmJBtw,dcSde7uUx0UXJL_-aZTaeg,Ecommerce,4802,True,False,G,NL
80537672795,Rafa_AI,NexPay,2023,13,30,282,True,7.76,IT,IT,Other,d_K3aHi59iiIwgwHEaikPw,xFaDeSVEU2pkCjs1Ew52sA,Tc3W52NLgMrNSBL6znLggA,Ecommerce,4532,True,False,G,NL
16906218444,Rafa_AI,SwiftCharge,2023,18,17,299,True,43.39,LU,LU,Other,LJsZ_Xr1DMaBjiovBazNlA,b8hQExTenzLXGH8Q5ALGgw,FWfF-vB4LAVE86CnYMVmaQ,Ecommerce,4622,True,False,G,NL
76967179153,Rafa_AI,TransactPlus,2023,15,21,302,True,25.36,LU,LU,Other,9ACbyu3jkm7R9RejnjXGcA,RzUeTKpjs8FX5El_o6h9Gg,erlRgB-0cVh0kRr4F4lWsA,Ecommerce,4017,True,False,G,NL
54667178548,Rafa_AI,TransactPlus,2023,10,8,281,True,92.68,FR,FR,Windows,,-KTnMSEZpexOTFRu_dH7tw,8UC-5xVjNzB5dMK_bAw6WA,Ecommerce,4532,True,False,G,NL
25329625666,Rafa_AI,GlobalCard,2023,21,8,286,True,49.05,ES,ES,Linux,EBt2hDv14Sg-tBO9u5qBMw,6rUAyEE_Q2v9YStIQpgqug,q1lKp7iL0oE_mQyFinQfvA,Ecommerce,4017,True,False,G,NL
13699663233,Rafa_AI,GlobalCard,2023,4,8,283,True,125.46,BE,BE,Linux,UQWRcikWKNTf_cV6DV2VMw,DdIRCLra3nU_aRC8zQv7HQ,_9sarKEy78TKE42DMp-RyA,Ecommerce,4526,True,False,G,NL
55841138516,Rafa_AI,GlobalCard,2023,16,41,295,True,83.78,NL,NL,Other,XhxB1Daz3_UU9xeNIfYoqw,cEoNH3MA2e0UTAD5IrOmSw,Sx1ucu_xmx0SXopikOdpmA,Ecommerce,4916,True,False,G,NL
59715062238,Rafa_AI,NexPay,2023,16,38,281,True,37.59,BE,BE,Other,UQWRcikWKNTf_cV6DV2VMw,DdIRCLra3nU_aRC8zQv7HQ,_9sarKEy78TKE42DMp-RyA,Ecommerce,4556,True,False,G,NL
33247710189,Rafa_AI,TransactPlus,2023,16,51,285,True,24.38,BE,BE,Other,Vb9hXaHdeLEA7MmDlE_jxw,BhslwPPElfkqKXbEExdgWA,GiLLXgC3RBoO03TMsGh14w,Ecommerce,4622,True,False,G,NL
67934200683,Rafa_AI,GlobalCard,2023,6,37,294,True,115.75,IT,IT,Other,dg0_nkBpbmAwT8BiWdjSjQ,WjtoldffZzxmFkt2j8vsUw,AyPOAKY7VHPIELSpyON-SA,Ecommerce,4891,True,False,G,NL
84577332400,Rafa_AI,GlobalCard,2023,11,31,296,True,48.83,NL,NL,Android,Wb5Yrb12wFeIhMpijzLm6Q,RlbVisvRf4K6CMTeifrVsA,uFIJvdgfAoNnoZ-iC_N3uA,Ecommerce,4645,True,False,G,NL
65264122476,Rafa_AI,NexPay,2023,16,45,298,True,184.06,ES,ES,Windows,AqC2TTHfVIoTktm4kSd-bA,ywfwKcMv7gynAFFp7Db0hw,PgWCySpKXBvkk_SGTeADDg,Ecommerce,4556,True,False,G,NL
31592820661,Rafa_AI,TransactPlus,2023,10,5,303,True,170.87,SE,SE,Android,n1PWjzwc39a2_YEUaR35cA,qlB48g0RbkogSe34PV7j8w,LbZVOrxFfUm5JXc8yoRPYw,Ecommerce,4920,True,False,G,NL
40067891094,Rafa_AI,TransactPlus,2023,22,3,286,True,41.91,NL,NL,iOS,0j5-yduAaSDbueKfQnyNqg,TJDaf_Vhwcz29P_hMw9xJw,Fn6GAOJztlF6kawmfLcL0w,Ecommerce,4645,True,False,G,NL
39859685277,Rafa_AI,GlobalCard,2023,10,14,296,True,482.79,IT,IT,MacOS,cN1hL6AFqSx5GBweXSED9A,2AZgGsQ8WpgntYUX65Cy3g,PLzFjQFtUf5x7IsIOw0qow,Ecommerce,4920,True,False,G,NL
82806741215,Rafa_AI,GlobalCard,2023,13,36,304,True,112.14,BE,BE,iOS,9ACbyu3jkm7R9RejnjXGcA,RzUeTKpjs8FX5El_o6h9Gg,erlRgB-0cVh0kRr4F4lWsA,Ecommerce,4622,True,False,G,NL
72972543708,Rafa_AI,TransactPlus,2023,16,1,283,True,53.5,IT,IT,iOS,,8YNYU8czzPrXuL0ZUtRtAg,ixx4p6TyubmUBTOhCRUDCQ,Ecommerce,4916,True,False,G,NL
49496928597,Rafa_AI,GlobalCard,2023,8,41,281,True,64.75,GR,GR,Linux,,NH_9lHLhI6NvTqjPZA4_gA,8aoH38rbLI4Ey6AlCVr01A,Ecommerce,4556,True,False,G,NL
57731254339,Rafa_AI,NexPay,2023,8,23,289,True,19.82,NL,SE,Windows,2Elc0jFxTHhG5BJq1C_4Kg,wA2x0mohBe7k1e-BwHsJJg,5dunKzzGz7kRv4TCv0QDwA,Ecommerce,4556,True,False,G,NL
12320034179,Rafa_AI,TransactPlus,2023,18,32,300,True,165.0,BE,LU,MacOS,,WvcKIrg8gc_yG68KONmFSw,x5lNoCZs-5QN8Vs_m3AS5g,Ecommerce,4556,True,False,G,NL
68022128527,Rafa_AI,SwiftCharge,2023,8,59,293,True,128.95,BE,BE,MacOS,fnxZrTwfE-2nDlcjLU2_ww,,5-Mx_hq7VkdqtMSHAQBs-A,Ecommerce,4622,True,False,G,NL
60239228795,Rafa_AI,SwiftCharge,2023,5,28,303,True,31.66,BE,NL,Other,7O5BHTbLuydpmhWk9SMd5A,Mi_EPdk35UwJUZwwjSC9iA,VINmBxNFR6w126LcQNTFsg,Ecommerce,4556,True,False,G,NL
27725771339,Rafa_AI,SwiftCharge,2023,16,5,290,True,212.06,FR,FR,Other,cN1hL6AFqSx5GBweXSED9A,khYk2TACJp7ZhK8bsPBNRQ,t20f6IEeySEfg1HT5lpKBA,Ecommerce,4802,True,False,G,NL
19884058714,Rafa_AI,GlobalCard,2023,23,30,293,True,6.92,NL,NL,Other,BkmG5BMp94alulkUhjyIbQ,dcoQWHkF3YabCTDx8I3VcQ,3HiGEfd7IdHrMjCyqquGhw,Ecommerce,4017,True,False,G,NL
88305316109,Rafa_AI,GlobalCard,2023,5,41,274,True,99.46,GR,GR,Windows,cN1hL6AFqSx5GBweXSED9A,khYk2TACJp7ZhK8bsPBNRQ,t20f6IEeySEfg1HT5lpKBA,Ecommerce,4556,True,False,G,NL
40949164508,Rafa_AI,GlobalCard,2023,17,25,295,True,39.76,NL,BE,Linux,5qyFHtMXooO_5pWXXlJzdg,,XLbpTjS-QDPqeXzuIO3rWw,Ecommerce,4645,True,False,G,NL
43353678259,Rafa_AI,NexPay,2023,20,53,293,True,39.86,LU,BE,Windows,mMJTk1rorkdDUyu-pvTYfQ,,Jbg7YisYZRJwX0hHYQ5ZKg,Ecommerce,4571,True,False,G,NL
33595310279,Rafa_AI,NexPay,2023,17,27,298,True,310.79,IT,IT,Linux,,WMG1kAhqOFE7DxSFp8JgBw,e4cGUCZqOcdIRN5ZosJZMA,Ecommerce,4920,True,False,G,NL
42281080310,Rafa_AI,NexPay,2023,1,22,304,True,293.74,NL,SE,Linux,SD0suQLq7OL18VX6o3O-DA,8L5FP4Dab2J4BJ22rAu4Dw,eFaYr-dnkdpcEbIoDLSHPw,Ecommerce,4916,True,False,G,NL
30301933522,Rafa_AI,GlobalCard,2023,10,22,288,True,61.58,NL,NL,iOS,FUlYZizA9s05QJCTa34uIA,khYk2TACJp7ZhK8bsPBNRQ,t20f6IEeySEfg1HT5lpKBA,Ecommerce,4236,True,False,G,NL
16506844793,Rafa_AI,NexPay,2023,16,18,304,True,275.39,BE,BE,Linux,,zuHIH8FEz2_jGC5LbTI0bg,ebGArp45ZCfxNB3IOqvPbQ,Ecommerce,4916,True,False,G,NL
87686605510,Rafa_AI,NexPay,2023,10,10,295,True,28.68,SE,SE,MacOS,hs4kbh45_NOz9lZ2WuTomA,jtgDW1JNMDbc9wOb36QP-w,WIg2l8OxzKWTdX-wJyaGMg,Ecommerce,4556,True,False,G,NL
88368938105,Rafa_AI,SwiftCharge,2023,3,28,296,True,105.6,IT,IT,Windows,rzpKqhZkhe3vhmIdcjmpEw,V0WwMhCsW9mLBKA4DbfKEg,1sDxnxJdycdBclof-u7dfg,Ecommerce,4571,True,False,G,NL
18361569916,Rafa_AI,GlobalCard,2023,7,59,300,True,56.99,BE,BE,iOS,BkmG5BMp94alulkUhjyIbQ,dcoQWHkF3YabCTDx8I3VcQ,3HiGEfd7IdHrMjCyqquGhw,Ecommerce,4556,True,False,G,NL
50228816847,Rafa_AI,NexPay,2023,14,42,297,True,36.01,NL,NL,Other,OcEx1GcHMUELuE03YCH-fA,cTP-BmdWAi4Nbdz6osPOSQ,xCLWh9eN7Viw1QJLybMRAg,Ecommerce,4017,True,False,G,NL
25813836935,Rafa_AI,TransactPlus,2023,16,10,289,True,24.17,NL,IT,Windows,SD0suQLq7OL18VX6o3O-DA,8L5FP4Dab2J4BJ22rAu4Dw,eFaYr-dnkdpcEbIoDLSHPw,Ecommerce,4571,True,False,G,NL
78241383885,Rafa_AI,TransactPlus,2023,13,49,287,True,9.02,LU,LU,Windows,yks0ms93YNqWatf5tsqHbw,8DPfGiPdxkKb0XQ6oynY-A,oNne6_-wNz4HGLLwCktgAA,Ecommerce,4802,True,False,G,NL
30371270496,Rafa_AI,NexPay,2023,5,51,301,True,57.43,NL,IT,Other,Sc3uA4FW5Pr3j0rxC1PPyQ,HRKkwXKBGpYHosFfThpaNQ,5k5G9ppDffT2mgxghvy9vA,Ecommerce,4526,True,False,G,NL
53237266458,Rafa_AI,GlobalCard,2023,0,14,300,True,51.67,SE,SE,Windows,SvUSJgs3YOBzHUhg6XcV5g,l06vtGMasQeWyJYg0hyd-w,F6rlJKldaZ7wjIP1w5A4Dw,Ecommerce,4526,True,False,G,NL
31436371917,Rafa_AI,TransactPlus,2023,14,30,292,True,167.99,BE,BE,Windows,,W864m0DTaB29igScA8TfUQ,_qx_-LAWvfxARv9wWtyPhg,Ecommerce,4133,True,False,G,NL
29932563774,Rafa_AI,NexPay,2023,17,6,288,True,263.14,BE,BE,Linux,wKrrZH4F_nGE9qQRlvdWaQ,N0EumW1xDAR5-Gq9V1vj2w,FbB-H6P0yHvdZC8VLF9YsA,Ecommerce,4556,True,False,G,NL
20911163601,Rafa_AI,NexPay,2023,16,38,299,True,34.19,SE,SE,Other,qrXZlUp6DVaVPP149lPqWA,VYbR09IsbZdg2y3Ehnaw2w,zb0Eck7HXGtEl_3t84nlrQ,Ecommerce,4526,True,False,G,NL
63340761674,Rafa_AI,NexPay,2023,10,3,286,True,10.72,FR,FR,MacOS,,X-69h12xNQRq2Kafe9SzsQ,8YTPDKi00DV45B-OLnEeYg,Ecommerce,4571,True,False,G,NL
17600567426,Rafa_AI,GlobalCard,2023,5,28,298,True,92.72,GR,GR,Other,6dsPklXiln8gouQ2qi1Cuw,Qm5_iOcYUREBryeyN78Erg,kHcfbUJCn2OxNc89ZMF23g,Ecommerce,4133,True,False,G,NL
71836909296,Rafa_AI,TransactPlus,2023,15,48,302,True,278.74,IT,IT,iOS,fCOXUtpNXvKKfkjMQlUjNg,DAx2JyMHsFciljrDlZyp7Q,NDBabe8qv5PFcleDz5sgMA,Ecommerce,4556,True,False,G,NL
42668408963,Rafa_AI,NexPay,2023,16,32,300,True,104.75,SE,BE,iOS,,l06vtGMasQeWyJYg0hyd-w,X_2kRpLzG3MoUKe-2KzxsQ,Ecommerce,4920,True,False,G,NL
68197135951,Rafa_AI,NexPay,2023,13,6,278,True,209.51,SE,BE,Linux,CIiA1olgJeVnajMT0QLgFA,oq_PW_esudX9mG9CtI6yMg,hA2_pkg0CG-WYsPDNkwEZw,Ecommerce,4916,True,False,G,NL
38819557386,Rafa_AI,GlobalCard,2023,2,46,284,True,76.58,FR,FR,Android,PcXTw_GvkAVwLwfSKojMkw,-7aFjvgWxMeBnWfcl5XL5g,iDjKKRu3tL7gAVe7XsCbzw,Ecommerce,4645,True,False,G,NL
22857990545,Rafa_AI,GlobalCard,2023,18,14,302,True,51.69,BE,BE,MacOS,FKafjii5C01IOhdAucTvzQ,Af7q5teKqU6hihVnDNdCVw,OWvWLDpzoOVbBu5raOY82g,Ecommerce,4916,True,False,G,NL
78954517196,Rafa_AI,GlobalCard,2023,6,27,280,True,81.34,NL,NL,iOS,SD0suQLq7OL18VX6o3O-DA,8L5FP4Dab2J4BJ22rAu4Dw,eFaYr-dnkdpcEbIoDLSHPw,Ecommerce,4916,True,False,G,NL
11140691782,Rafa_AI,TransactPlus,2023,4,4,275,True,100.53,NL,IT,Other,ns3Im_pOiQeEyMb8Mb_nMg,Z8d9SPPtzDpvTNppEgoLbw,hLJTO2tvucui1gU4BHcxnA,Ecommerce,4571,True,False,G,NL
61490736219,Rafa_AI,GlobalCard,2023,0,5,298,True,51.69,BE,BE,MacOS,,Z8d9SPPtzDpvTNppEgoLbw,hLJTO2tvucui1gU4BHcxnA,Ecommerce,4571,True,False,G,NL
75308314725,Rafa_AI,GlobalCard,2023,3,36,283,True,92.32,NL,NL,Android,TG6nFp1mns5Adr3NZstZZw,,C_1AhtPxsc2So3j7419J1w,Ecommerce,4133,True,False,G,NL
36591799206,Rafa_AI,GlobalCard,2023,10,13,274,True,21.68,BE,BE,Other,81SU0TUzabMxA_GlKwFbiA,kLOv5NyxTSG0wKGkzCvKuw,1IYPHO2plpS3hcJMVMTEjQ,Ecommerce,4556,True,False,G,NL
25343242602,Rafa_AI,GlobalCard,2023,18,53,299,True,18.71,BE,BE,MacOS,_SpwVYhdID8AvswsGL25Cw,lBk4br1-hlaRemMhNTq2pg,D6gx5M15dTaVpAuJxl5nEA,Ecommerce,4916,True,False,G,NL
66276087960,Rafa_AI,NexPay,2023,0,31,277,True,125.53,BE,NL,Windows,TG6nFp1mns5Adr3NZstZZw,kTzg-W0MUX-UZqZGNozuGg,C_1AhtPxsc2So3j7419J1w,Ecommerce,4802,True,False,G,NL
54992123151,Rafa_AI,SwiftCharge,2023,18,51,275,True,207.82,SE,FR,Other,Y9GIvSScg7FDkwAq_Mm6fQ,Jk5CKltSMEwuK3DGGGGPzg,JUDxYdB_tfcU4CD1orZgdg,Ecommerce,4920,True,False,G,NL
34836035404,Rafa_AI,GlobalCard,2023,19,11,292,True,311.25,FR,NL,Other,xmLm-Qf9_AxZKxDSvbkGbg,W2-IUlArwT_x5sR95YjFag,zwNuEZWeuTDcjp9gv0Py1w,Ecommerce,4526,True,False,G,NL
26849200838,Rafa_AI,TransactPlus,2023,11,50,299,True,76.68,ES,SE,MacOS,RdUogl8Qpp7x3pCBLAPnSA,xFaDeSVEU2pkCjs1Ew52sA,Tc3W52NLgMrNSBL6znLggA,Ecommerce,4916,True,False,G,NL
63067802242,Rafa_AI,NexPay,2023,6,58,291,True,186.02,FR,FR,Linux,,Y_Caj-txMllidjMXEtoskg,bP9YkWd8oNXLwgUGGs_bTg,Ecommerce,4571,True,False,G,NL
